{"type":"minecraft:chest","pools":[{"rolls":{"min":3,"max":4},"bonus_rolls":{"min":0,"max":1},"entries":[{"type":"minecraft:item","name":"minecraft:apple","weight":5,"functions":[{"function":"minecraft:set_count","count":{"min":1,"max":2}}]},{"type":"minecraft:item","name":"minecraft:oak_sapling","weight":4,"functions":[{"function":"minecraft:set_count","count":1}]},{"type":"minecraft:item","name":"minecraft:wheat_seeds","weight":3,"functions":[{"function":"minecraft:set_count","count":{"min":2,"max":3}}]},{"type":"minecraft:item","name":"minecraft:egg","weight":2,"functions":[{"function":"minecraft:set_count","count":{"min":1,"max":2}}]},{"type":"minecraft:item","name":"minecraft:apple","weight":5,"functions":[{"function":"minecraft:set_count","count":{"min":1,"max":3}}]},{"type":"minecraft:item","name":"minecraft:oak_sapling","weight":4,"functions":[{"function":"minecraft:set_count","count":1}]},{"type":"minecraft:item","name":"minecraft:birch_sapling","weight":3,"functions":[{"function":"minecraft:set_count","count":1}]},{"type":"minecraft:item","name":"minecraft:wheat_seeds","weight":3,"functions":[{"function":"minecraft:set_count","count":{"min":2,"max":3}}]},{"type":"minecraft:item","name":"minecraft:leather","weight":3,"functions":[{"function":"minecraft:set_count","count":{"min":1,"max":3}}]},{"type":"minecraft:item","name":"minecraft:egg","weight":2,"functions":[{"function":"minecraft:set_count","count":{"min":1,"max":2}}]},{"type":"minecraft:item","name":"minecraft:pumpkin_seeds","weight":2,"functions":[{"function":"minecraft:set_count","count":1}]},{"type":"minecraft:item","name":"minecraft:melon_seeds","weight":1,"functions":[{"function":"minecraft:set_count","count":1}]},{"type":"minecraft:item","name":"minecraft:sweet_berries","weight":1,"functions":[{"function":"minecraft:set_count","count":1}]},{"type":"minecraft:item","name":"minecraft:carrot","weight":1,"functions":[{"function":"minecraft:set_count","count":1}]},{"type":"minecraft:item","name":"minecraft:potato","weight":1,"functions":[{"function":"minecraft:set_count","count":1}]},{"type":"minecraft:item","name":"minecraft:dark_oak_sapling","weight":4,"functions":[{"function":"minecraft:set_count","count":{"min":1,"max":2}}]},{"type":"minecraft:item","name":"minecraft:string","weight":4,"functions":[{"function":"minecraft:set_count","count":{"min":1,"max":2}}]},{"type":"minecraft:item","name":"minecraft:glow_berries","weight":3,"functions":[{"function":"minecraft:set_count","count":{"min":1,"max":2}}]},{"type":"minecraft:item","name":"minecraft:rabbit_hide","weight":3,"functions":[{"function":"minecraft:set_count","count":{"min":2,"max":3}}]},{"type":"minecraft:item","name":"minecraft:coal","weight":3,"functions":[{"function":"minecraft:set_count","count":{"min":2,"max":3}}]},{"type":"minecraft:item","name":"minecraft:bone","weight":3,"functions":[{"function":"minecraft:set_count","count":{"min":1,"max":3}}]},{"type":"minecraft:item","name":"minecraft:red_mushroom","weight":2,"functions":[{"function":"minecraft:set_count","count":{"min":1,"max":2}}]},{"type":"minecraft:item","name":"minecraft:brown_mushroom","weight":2,"functions":[{"function":"minecraft:set_count","count":{"min":1,"max":2}}]},{"type":"minecraft:item","name":"minecraft:rabbit_foot","weight":1,"functions":[{"function":"minecraft:set_count","count":{"min":1,"max":2}}]}]}]}