{"type":"minecraft:chest","pools":[{"rolls":1,"entries":[{"type":"minecraft:item","name":"minecraft:bone","weight":1,"functions":[{"function":"minecraft:set_count","count":{"min":4,"max":7}}]}]},{"rolls":1,"entries":[{"type":"minecraft:item","name":"minecraft:spruce_sapling","weight":1,"functions":[{"function":"minecraft:set_count","count":{"min":1,"max":2}}]}]},{"rolls":1,"entries":[{"type":"minecraft:item","name":"minecraft:ice","weight":1,"functions":[{"function":"minecraft:set_count","count":1}]}]},{"rolls":1,"entries":[{"type":"minecraft:item","name":"minecraft:amethyst_shard","weight":1,"functions":[{"function":"minecraft:set_count","count":{"min":2,"max":3}}]}]}]}