{"type":"minecraft:chest","pools":[{"rolls":{"min":2,"max":3},"bonus_rolls":{"min":0,"max":1},"entries":[{"type":"minecraft:item","name":"minecraft:bone","weight":7,"functions":[{"function":"minecraft:set_count","count":{"min":2,"max":4}}]},{"type":"minecraft:item","name":"minecraft:pale_oak_sapling","weight":5,"functions":[{"function":"minecraft:set_count","count":{"min":1,"max":2}}]},{"type":"minecraft:item","name":"minecraft:resin_clump","weight":5,"functions":[{"function":"minecraft:set_count","count":{"min":2,"max":5}}]},{"type":"minecraft:item","name":"minecraft:cobweb","weight":5,"functions":[{"function":"minecraft:set_count","count":{"min":1,"max":3}}]},{"type":"minecraft:item","name":"minecraft:fermented_spider_eye","weight":5,"functions":[{"function":"minecraft:set_count","count":{"min":2,"max":3}}]},{"type":"minecraft:item","name":"minecraft:gunpowder","weight":3,"functions":[{"function":"minecraft:set_count","count":{"min":3,"max":4}}]},{"type":"minecraft:item","name":"minecraft:pale_hanging_moss","weight":3,"functions":[{"function":"minecraft:set_count","count":{"min":2,"max":3}}]},{"type":"minecraft:item","name":"minecraft:closed_eyeblossom","weight":2,"functions":[{"function":"minecraft:set_count","count":{"min":1,"max":2}}]},{"type":"minecraft:item","name":"minecraft:open_eyeblossom","weight":2,"functions":[{"function":"minecraft:set_count","count":{"min":1,"max":2}}]},{"type":"minecraft:item","name":"minecraft:emerald","weight":2,"functions":[{"function":"minecraft:set_count","count":{"min":2,"max":3}}]},{"type":"minecraft:item","name":"minecraft:phantom_membrane","weight":1,"functions":[{"function":"minecraft:set_count","count":{"min":1,"max":2}}]},{"type":"minecraft:item","name":"minecraft:echo_shard","weight":1,"functions":[{"function":"minecraft:set_count","count":{"min":1,"max":2}}]},{"type":"minecraft:item","name":"minecraft:breeze_rod","weight":1,"functions":[{"function":"minecraft:set_count","count":{"min":1,"max":2}}]},{"type":"minecraft:item","name":"minecraft:heavy_core","weight":1,"functions":[{"function":"minecraft:set_count","count":1}]},{"type":"minecraft:item","name":"minecraft:creaking_heart","weight":1,"functions":[{"function":"minecraft:set_count","count":1}]}]}]}